<!--
    IMPORTANT:
    - Policy elements can appear only within the <inbound>, <outbound>, <backend> section elements.
    - To apply a policy to the incoming request (before it is forwarded to the backend service), place a corresponding policy element within the <inbound> section element.
    - To apply a policy to the outgoing response (before it is sent back to the caller), place a corresponding policy element within the <outbound> section element.
    - To add a policy, place the cursor at the desired insertion point and select a policy from the sidebar.
    - To remove a policy, delete the corresponding policy statement from the policy document.
    - Position the <base> element within a section element to inherit all policies from the corresponding section element in the enclosing scope.
    - Remove the <base> element to prevent inheriting policies from the corresponding section element in the enclosing scope.
    - Policies are applied in the order of their appearance, from the top down.
    - Comments within policy elements are not supported and may disappear. Place your comments between policy elements or at a higher level scope.
-->
<!-- The policy defined in this file provides an example of using OAuth2 for authorization between the gateway and a backend. -->
<!-- It shows how to obtain an access token from Azure AD and forward it to the backend. -->
<!-- Send request to Azure AD to obtain a bearer token -->
<!-- Parameters: authorizationServer - format https://login.windows.net/TENANT-GUID/oauth2/token -->
<!-- Parameters: scope - a URI encoded scope value -->
<!-- Parameters: clientId - an id obtained during app registration -->
<!-- Parameters: clientSecret - a URL encoded secret, obtained during app registration -->
<!-- Copy the following snippet into the inbound section. -->
<policies>
    <inbound>
        <base />
        <check-header name="Authorization" failed-check-httpcode="401" failed-check-error-message="Not authorized" ignore-case="false">
            <value>{{apiSubscriptionKey}}</value>
        </check-header>
        <send-request ignore-error="true" timeout="20" response-variable-name="bearerToken" mode="new">
            <set-url>{{authorizationServer}}</set-url>
            <set-method>POST</set-method>
            <set-header name="Content-Type" exists-action="override">
                <value>application/x-www-form-urlencoded</value>
            </set-header>
            <set-body>@{
              return "client_id={{clientId}}&scope={{scope}}&client_secret={{clientSecret}}&grant_type=client_credentials";

              // For identity providers other than Azure AD, try return statement below
              // return "client_id={{clientId}}&scope={{scope}}&client_secret={{clientSecret}}&grant_type=client_credentials";
          }</set-body>
        </send-request>
        <set-header name="Authorization" exists-action="override">
            <value>@("Bearer " + (String)((IResponse)context.Variables["bearerToken"]).Body.As<JObject>()["access_token"])</value>
        </set-header>
        <!--  Don't expose APIM subscription key to the backend. -->
        <set-header name="Ocp-Apim-Subscription-Key" exists-action="delete" />
    </inbound>
    <backend>
        <base />
    </backend>
    <outbound>
        <base />
    </outbound>
    <on-error>
        <base />
    </on-error>
</policies>