{
	"info": {
		"_postman_id": "5b739b32-967b-47ba-a8e2-de4edb304c14",
		"name": "SCIM_JAVA",
		"schema": "https://schema.getpostman.com/json/collection/v2.1.0/collection.json"
	},
	"item": [
		{
			"name": "User - Create User",
			"protocolProfileBehavior": {
				"disabledSystemHeaders": {
					"content-type": true
				}
			},
			"request": {
				"method": "POST",
				"header": [
					{
						"key": "Content-Type",
						"value": "application/scim+json",
						"type": "text"
					}
				],
				"body": {
					"mode": "raw",
					"raw": "{\n  \"UserName\": \"Test2\",\n  \"Active\": true,\n  \"title\": \"Analyst\",\n  \"DisplayName\": \"Test2 User2\",\n  \"schemas\": [\n    \"urn:ietf:params:scim:schemas:core:2.0:User\"\n  ],\n  \"externalId\": \"Test2EXT\",\n  \"name\": {\n    \"formatted\": \"Test2 User2\",\n    \"familyName\": \"User2\",\n    \"givenName\": \"Test2\"\n  },\n  \"emails\": [\n    {\n      \"Primary\": true,\n      \"type\": \"work\",\n      \"value\": \"Test2.User2@test.com\"\n    },\n    {\n      \"Primary\": false,\n      \"type\": \"home\",\n      \"value\": \"Test1.User1.home@test.com\"\n    }\n  ],\n  \"addresses\": [\n    {\n      \"locality\": \"Boulder\",\n      \"region\": \"CO\",\n      \"postalCode\": \"54321\",\n      \"country\": \"USA\",\n      \"type\": \"work\"\n    }\n  ],\n  \"phoneNumbers\": [\n    {\n      \"value\": \"+1-123-456-7890\",\n      \"type\": \"work\"\n    }\n  ]\n}",
					"options": {
						"raw": {
							"language": "json"
						}
					}
				},
				"url": {
					"raw": "http://{{host}}:{{port}}/v1/Users",
					"protocol": "http",
					"host": [
						"{{host}}"
					],
					"port": "{{port}}",
					"path": [
						"v1",
						"Users"
					]
				}
			},
			"response": []
		},
		{
			"name": "User - Get All Users",
			"request": {
				"method": "GET",
				"header": [],
				"url": {
					"raw": "http://{{host}}:{{port}}/v1/Users",
					"protocol": "http",
					"host": [
						"{{host}}"
					],
					"port": "{{port}}",
					"path": [
						"v1",
						"Users"
					],
					"query": [
						{
							"key": "filter",
							"value": "userName eq test1 and title eq analyst",
							"disabled": true
						}
					]
				}
			},
			"response": []
		},
		{
			"name": "User - Get All Users (Filter)",
			"request": {
				"method": "GET",
				"header": [],
				"url": {
					"raw": "http://{{host}}:{{port}}/v1/Users?filter=displayName eq Test1 User1",
					"protocol": "http",
					"host": [
						"{{host}}"
					],
					"port": "{{port}}",
					"path": [
						"v1",
						"Users"
					],
					"query": [
						{
							"key": "filter",
							"value": "displayName eq Test1 User1"
						}
					]
				}
			},
			"response": []
		},
		{
			"name": "User - Get User By ID",
			"request": {
				"method": "GET",
				"header": [],
				"url": {
					"raw": "http://{{host}}:{{port}}/v1/Users/3",
					"protocol": "http",
					"host": [
						"{{host}}"
					],
					"port": "{{port}}",
					"path": [
						"v1",
						"Users",
						"3"
					]
				}
			},
			"response": []
		},
		{
			"name": "User - Update User (PATCH)",
			"request": {
				"method": "PATCH",
				"header": [],
				"body": {
					"mode": "raw",
					"raw": "{\n    \"schemas\": [\n        \"urn:ietf:params:scim:api:messages:2.0:PatchOp\"\n    ],\n    \"Operations\": [\n        {\n            \"op\": \"Replace\",\n            \"path\": \"emails[type eq \\\"work\\\"].value\",\n            \"value\": \"updatedTest1.User1@test.com\"\n        },\n        {\n            \"op\": \"Replace\",\n            \"path\": \"title\",\n            \"value\": \"Senior Analyst\"\n        },\n        {\n            \"op\": \"Replace\",\n            \"path\": \"addresses[type eq \\\"work\\\"].region\",\n            \"value\": \"NJ\"\n        }\n    ]\n}",
					"options": {
						"raw": {
							"language": "json"
						}
					}
				},
				"url": {
					"raw": "http://{{host}}:{{port}}/v1/Users/3",
					"protocol": "http",
					"host": [
						"{{host}}"
					],
					"port": "{{port}}",
					"path": [
						"v1",
						"Users",
						"3"
					]
				}
			},
			"response": []
		},
		{
			"name": "User - Disable User (PATCH)",
			"request": {
				"method": "PATCH",
				"header": [],
				"body": {
					"mode": "raw",
					"raw": "{\r\n    \"Operations\": [\r\n        {\r\n            \"op\": \"Replace\",\r\n            \"path\": \"active\",\r\n            \"value\": false\r\n        }\r\n    ],\r\n    \"schemas\": [\r\n        \"urn:ietf:params:scim:api:messages:2.0:PatchOp\"\r\n    ]\r\n}",
					"options": {
						"raw": {
							"language": "json"
						}
					}
				},
				"url": {
					"raw": "http://{{host}}:{{port}}/v1/Users/3",
					"protocol": "http",
					"host": [
						"{{host}}"
					],
					"port": "{{port}}",
					"path": [
						"v1",
						"Users",
						"3"
					]
				}
			},
			"response": []
		},
		{
			"name": "User - Delete User",
			"request": {
				"method": "DELETE",
				"header": [],
				"url": {
					"raw": "http://{{host}}:{{port}}/v1/Users/4",
					"protocol": "http",
					"host": [
						"{{host}}"
					],
					"port": "{{port}}",
					"path": [
						"v1",
						"Users",
						"4"
					]
				}
			},
			"response": []
		},
		{
			"name": "Group - Create Group",
			"protocolProfileBehavior": {
				"disabledSystemHeaders": {
					"content-type": true
				}
			},
			"request": {
				"method": "POST",
				"header": [
					{
						"key": "Content-Type",
						"value": "application/scim+json",
						"type": "text"
					}
				],
				"body": {
					"mode": "raw",
					"raw": "{\r\n  \"externalId\":\"UserGroupEXT\",\r\n  \"schemas\": [\"urn:ietf:params:scim:schemas:core:2.0:Group\"],\r\n  \"displayName\": \"UserGroup\",\r\n  \"members\":[]\r\n}",
					"options": {
						"raw": {
							"language": "json"
						}
					}
				},
				"url": {
					"raw": "http://{{host}}:{{port}}/v1/Groups",
					"protocol": "http",
					"host": [
						"{{host}}"
					],
					"port": "{{port}}",
					"path": [
						"v1",
						"Groups"
					]
				}
			},
			"response": []
		},
		{
			"name": "Group - Get All Groups",
			"request": {
				"method": "GET",
				"header": [],
				"url": {
					"raw": "http://{{host}}:{{port}}/v1/Groups",
					"protocol": "http",
					"host": [
						"{{host}}"
					],
					"port": "{{port}}",
					"path": [
						"v1",
						"Groups"
					],
					"query": [
						{
							"key": "filter",
							"value": "groupName eq adminGroup",
							"disabled": true
						}
					]
				}
			},
			"response": []
		},
		{
			"name": "Group - Get All Groups (Filter)",
			"request": {
				"method": "GET",
				"header": [],
				"url": {
					"raw": "http://{{host}}:{{port}}/v1/Groups?filter=displayName eq UserGroup",
					"protocol": "http",
					"host": [
						"{{host}}"
					],
					"port": "{{port}}",
					"path": [
						"v1",
						"Groups"
					],
					"query": [
						{
							"key": "filter",
							"value": "displayName eq UserGroup"
						}
					]
				}
			},
			"response": []
		},
		{
			"name": "Group - Get Groups By id",
			"request": {
				"method": "GET",
				"header": [],
				"url": {
					"raw": "http://{{host}}:{{port}}/v1/Groups?filter=displayName eq UserGroup",
					"protocol": "http",
					"host": [
						"{{host}}"
					],
					"port": "{{port}}",
					"path": [
						"v1",
						"Groups"
					],
					"query": [
						{
							"key": "filter",
							"value": "displayName eq UserGroup"
						}
					]
				}
			},
			"response": []
		},
		{
			"name": "Group - Update(Add member) Group (PATCH)",
			"request": {
				"method": "PATCH",
				"header": [],
				"body": {
					"mode": "raw",
					"raw": "{\r\n    \"schemas\": [\r\n        \"urn:ietf:params:scim:api:messages:2.0:PatchOp\"\r\n    ],\r\n    \"Operations\": [\r\n        {\r\n            \"op\": \"add\",\r\n            \"path\": \"members\",\r\n            \"value\": [\r\n            \t{\r\n            \t\t\"displayName\":\"Test1 User1\",\r\n            \t\t\"value\":\"3\"\r\n            \t},\r\n            \t{\r\n            \t\t\"displayName\":\"Test2 User2\",\r\n            \t\t\"value\":\"5\"\r\n            \t}\r\n            \r\n            ]\r\n            \r\n        }\r\n    ]\r\n}",
					"options": {
						"raw": {
							"language": "json"
						}
					}
				},
				"url": {
					"raw": "http://{{host}}:{{port}}/v1/Groups/10",
					"protocol": "http",
					"host": [
						"{{host}}"
					],
					"port": "{{port}}",
					"path": [
						"v1",
						"Groups",
						"10"
					]
				}
			},
			"response": []
		},
		{
			"name": "Group - Update(Remove member) Group (PATCH) Copy",
			"request": {
				"method": "PATCH",
				"header": [],
				"body": {
					"mode": "raw",
					"raw": "{\n    \"schemas\": [\n        \"urn:ietf:params:scim:api:messages:2.0:PatchOp\"\n    ],\n    \"Operations\": [\n        {\n            \"op\": \"remove\",\n            \"path\": \"members\",\n            \"value\": [\n                {\n                    \"displayName\": \"Test1 User1\",\n                    \"value\": \"3\"\n                }\n            ]\n        }\n    ]\n}",
					"options": {
						"raw": {
							"language": "json"
						}
					}
				},
				"url": {
					"raw": "http://{{host}}:{{port}}/v1/Groups/9",
					"protocol": "http",
					"host": [
						"{{host}}"
					],
					"port": "{{port}}",
					"path": [
						"v1",
						"Groups",
						"9"
					]
				}
			},
			"response": []
		},
		{
			"name": "Group - Delete Group",
			"request": {
				"method": "DELETE",
				"header": [],
				"body": {
					"mode": "raw",
					"raw": "",
					"options": {
						"raw": {
							"language": "json"
						}
					}
				},
				"url": {
					"raw": "http://{{host}}:{{port}}/v1/Groups/9",
					"protocol": "http",
					"host": [
						"{{host}}"
					],
					"port": "{{port}}",
					"path": [
						"v1",
						"Groups",
						"9"
					]
				}
			},
			"response": []
		}
	],
	"protocolProfileBehavior": {}
}